id,Full Name,Phone,Email,Age,Experience,Yearly Income,Has children,License states,Expiration date,License number
1,Anica Hainey`,+1 509 167 8903,ahainey0@privacy.gov.au,76,8,783805.13,false,Washington,2086-05-05,porttitor id consequat in consequat ut
2,Smith Munkton,+1 619 540 2761,smunkton1@fda.gov,88,20,923421.09,false,California,2076-05-07,nascetur ridiculus mus vivamus vestibulum sagittis
3,August Camelin,+1 814 473 2473,acamelin2@google.ru,44,7,814617.22,false,Pennsylvania,2085-11-05,amet eleifend pede libero quis orci
4,Isaiah Smoth,+1 713 157 0931,ismoth3@purevolume.com,84,1,404569.93,false,Texas,2068-08-06,maecenas ut massa quis augue luctus
5,Chandra Mannix,+1 347 512 1794,cmannix4@reference.com,71,21,246705.04,true,New York,2076-05-05,at turpis a pede posuere nonummy
6,Mahalia Mallam,+1 757 562 2636,mmallam5@liveinternet.ru,39,6,478556.93,false,Virginia,2086-04-19,morbi sem mauris laoreet ut rhoncus
7,Vere Bartelet,+1 320 188 4007,vbartelet6@go.com,51,4,56619.06,false,Minnesota,2085-11-22,quis odio consequat varius integer ac
8,Anabel Branni,+1 509 684 6188,abranni7@salon.com,66,17,57819.39,true,Washington,2038-09-28,pulvinar lobortis est phasellus sit amet
9,Anthony Longland,+1 512 373 3738,alongland8@live.com,39,9,583835.15,true,Texas,2024-07-10,justo aliquam quis turpis eget elit
10,Mallory Apdell,+1 612 580 5528,mapdell9@harvard.edu,23,13,717696.34,false,Minnesota,2095-10-12,imperdiet sapien urna pretium nisl ut
11,Amii Letten,+1 212 322 8888,alettena@amazon.co.jp,85,16,341863.05,true,New York,2087-01-21,turpis adipiscing lorem vitae mattis nibh
12,Marlow Wilsey,+1 317 740 6049,mwilseyb@dell.com,73,17,268090.04,false,Indiana,2079-10-17,vulputate justo in blandit ultrices enim
13,Claudia Fardy,+1 412 985 6568,cfardyc@1und1.de,82,9,988045.58,false,Pennsylvania,2036-09-05,ante ipsum primis in faucibus orci
14,Garreth Dickings,+1 617 104 9958,gdickingsd@nbcnews.com,51,3,583134.4,true,Massachusetts,2081-09-12,vivamus in felis eu sapien cursus
15,Merline Schenfisch,+1 615 592 6936,mschenfische@123-reg.co.uk,87,12,732852.87,true,Tennessee,2080-11-16,massa donec dapibus duis at velit
16,Jamie Igoe,+1 302 259 0018,jigoef@tripadvisor.com,99,9,257664.55,true,Delaware,2061-01-06,donec vitae nisi nam ultrices libero
17,Nicol Pinches,+1 703 514 4070,npinchesg@friendfeed.com,31,16,861955.59,false,Virginia,2060-04-11,lacus at turpis donec posuere metus
18,Faina Simoncini,+1 412 460 7298,fsimoncinih@exblog.jp,66,12,83219.85,true,Pennsylvania,2073-09-13,pretium nisl ut volutpat sapien arcu
19,Hillyer Wannes,+1 312 395 8220,hwannesi@acquirethisname.com,48,0,802451.46,false,Illinois,2082-01-14,donec pharetra magna vestibulum aliquet ultrices
20,Arnaldo Batchelder,+1 602 747 1702,abatchelderj@sbwire.com,96,19,968905.12,true,Arizona,2082-07-23,erat eros viverra eget congue eget
21,Bria Domerq,+1 772 652 0335,bdomerqk@jimdo.com,28,5,173295.34,false,Florida,2027-10-19,urna ut tellus nulla ut erat
22,Orv Bitchener,+1 214 498 2110,obitchenerl@xinhuanet.com,26,13,846854.91,true,Texas,2099-10-29,sagittis dui vel nisl duis ac
23,Honor Roberti,+1 804 746 1620,hrobertim@rediff.com,67,18,356455.14,true,Virginia,2022-06-08,turpis elementum ligula vehicula consequat morbi
24,Rois Radford,+1 716 298 7533,rradfordn@go.com,73,16,788264.0,false,New York,2041-08-31,eget nunc donec quis orci eget
25,Tonnie Vicarey,+1 912 868 4112,tvicareyo@diigo.com,89,7,765838.13,true,Georgia,2092-11-19,ultrices posuere cubilia curae nulla dapibus
26,Hunfredo Mancer,+1 404 235 9860,hmancerp@washington.edu,52,6,811029.22,true,Georgia,2044-07-05,justo maecenas rhoncus aliquam lacus morbi
27,Aldous Fieldstone,+1 214 723 4945,afieldstoneq@msn.com,29,6,7445.37,true,Texas,2031-06-29,dolor sit amet consectetuer adipiscing elit
28,Mathilde Stayt,+1 314 188 2694,mstaytr@psu.edu,68,8,611082.17,false,Missouri,2056-01-16,sed justo pellentesque viverra pede ac
29,Tallou Godson,+1 919 391 3461,tgodsons@squarespace.com,37,6,329266.66,true,North Carolina,2030-04-12,placerat praesent blandit nam nulla integer
30,Tiffie Diess,+1 706 198 8666,tdiesst@networkadvertising.org,60,13,59071.27,false,Georgia,2057-11-24,integer tincidunt ante vel ipsum praesent
31,Zachariah McGoon,+1 818 686 4939,zmcgoonu@cbc.ca,23,8,882718.21,true,California,2041-04-03,semper interdum mauris ullamcorper purus sit
32,Gothart Sibray,+1 702 204 1745,gsibrayv@ustream.tv,91,19,131333.08,false,Nevada,2021-07-02,orci luctus et ultrices posuere cubilia
33,Angie Eskrick,+1 732 359 3263,aeskrickw@hostgator.com,56,3,693300.87,true,New Jersey,2051-09-21,volutpat dui maecenas tristique est et
34,Ricki Bernakiewicz,+1 608 134 5089,rbernakiewiczx@examiner.com,74,19,795242.25,false,Wisconsin,2062-11-29,nisi venenatis tristique fusce congue diam
35,Milena MacCaig,+1 803 536 7530,mmaccaigy@jalbum.net,58,16,732231.35,false,South Carolina,2023-09-05,penatibus et magnis dis parturient montes
36,Torrence Mourton,+1 828 637 8977,tmourtonz@cmu.edu,62,4,879124.77,true,North Carolina,2028-08-20,est lacinia nisi venenatis tristique fusce
37,Andrey Paolinelli,+1 602 404 1057,apaolinelli10@amazon.com,34,6,261961.44,false,Arizona,2098-05-19,aliquet massa id lobortis convallis tortor
38,Freeland Newborn,+1 561 943 2469,fnewborn11@lycos.com,51,11,831013.65,false,Florida,2066-11-23,mus etiam vel augue vestibulum rutrum
39,Deane Crockatt,+1 408 761 4197,dcrockatt12@cornell.edu,26,13,633772.83,true,California,2047-08-30,ut erat curabitur gravida nisi at
40,Malinde Warret,+1 954 818 7604,mwarret13@live.com,23,15,488954.94,true,Florida,2026-10-12,aliquam convallis nunc proin at turpis
41,Sabra Chieze,+1 805 684 8061,schieze14@feedburner.com,58,21,878477.03,false,California,2026-03-01,rutrum at lorem integer tincidunt ante
42,Maximilien Clingoe,+1 318 492 1096,mclingoe15@themeforest.net,53,15,589595.11,true,Louisiana,2042-10-11,ut rhoncus aliquet pulvinar sed nisl
43,Lannie Dowbekin,+1 843 314 1618,ldowbekin16@histats.com,82,12,71230.82,true,South Carolina,2089-05-06,proin risus praesent lectus vestibulum quam
44,Tim Pipping,+1 516 645 7796,tpipping17@boston.com,98,5,941782.84,true,New York,2068-06-06,id sapien in sapien iaculis congue
45,Diann Rosengarten,+1 757 523 6107,drosengarten18@cornell.edu,82,15,242088.16,false,Virginia,2038-02-02,nonummy integer non velit donec diam
46,Sashenka Ranyard,+1 717 154 3664,sranyard19@sun.com,79,8,784621.96,false,Pennsylvania,2035-11-16,dolor sit amet consectetuer adipiscing elit
47,Chrissie Andrez,+1 818 623 2708,candrez1a@ocn.ne.jp,92,6,322103.59,false,California,2098-06-20,dictumst morbi vestibulum velit id pretium
48,Andree Cowill,+1 217 491 8212,acowill1b@scribd.com,56,11,293647.07,false,Illinois,2078-05-28,vestibulum quam sapien varius ut blandit
49,Edita Bayly,+1 509 253 7110,ebayly1c@columbia.edu,84,1,958161.29,true,Washington,2031-02-16,at turpis a pede posuere nonummy
50,Andromache Bewshea,+1 512 791 8290,abewshea1d@japanpost.jp,25,7,470094.96,false,Texas,2061-11-23,vivamus metus arcu adipiscing molestie hendrerit
51,Mae MacCardle,+1 202 590 9126,mmaccardle1e@wikipedia.org,41,18,774284.82,false,District of Columbia,2069-12-21,pede morbi porttitor lorem id ligula
52,Jere Short,+1 520 189 5937,jshort1f@list-manage.com,78,17,63669.07,true,Arizona,2044-09-06,ante ipsum primis in faucibus orci
53,Tim Vahey,+1 619 572 4652,tvahey1g@wsj.com,73,16,876867.06,false,California,2025-08-03,nisl aenean lectus pellentesque eget nunc
54,Aleta Wrenn,+1 713 386 1610,awrenn1h@vinaora.com,97,5,815313.77,false,Texas,2026-08-27,suspendisse potenti cras in purus eu
55,Jocko Ortmann,+1 862 319 3261,jortmann1i@artisteer.com,77,3,139860.77,false,New Jersey,2036-03-06,duis ac nibh fusce lacus purus
56,Mattie Oulett,+1 502 466 8306,moulett1j@devhub.com,76,10,860700.06,false,Kentucky,2088-06-08,vel nulla eget eros elementum pellentesque
57,Cissiee Glasard,+1 478 164 7747,cglasard1k@goo.gl,71,15,924025.32,true,Georgia,2066-04-08,turpis nec euismod scelerisque quam turpis
58,Richardo Gidman,+1 763 149 6584,rgidman1l@google.com.br,72,14,316396.69,false,Minnesota,2060-12-08,aliquet massa id lobortis convallis tortor
59,Deana Van der Baaren,+1 415 781 6567,dvan1m@reuters.com,24,7,441578.9,true,California,2021-12-24,id nulla ultrices aliquet maecenas leo
60,Malena Mathis,+1 320 656 9342,mmathis1n@hc360.com,96,12,115384.67,true,Minnesota,2030-04-11,vulputate justo in blandit ultrices enim
61,Darrin Hinstock,+1 818 671 5736,dhinstock1o@cocolog-nifty.com,100,3,43979.92,true,California,2064-03-18,penatibus et magnis dis parturient montes
62,Riannon Monery,+1 504 193 5325,rmonery1p@cnbc.com,29,5,641752.62,true,Louisiana,2079-02-21,sed justo pellentesque viverra pede ac
63,Loella Botton,+1 734 688 9225,lbotton1q@army.mil,94,3,190023.85,true,Michigan,2037-04-29,lacus curabitur at ipsum ac tellus
64,Bevon Knill,+1 609 684 4144,bknill1r@mac.com,58,8,212731.39,true,New Jersey,2099-10-31,posuere cubilia curae duis faucibus accumsan
65,Pooh Cobbled,+1 334 866 9630,pcobbled1s@over-blog.com,40,16,170103.4,true,Alabama,2048-02-19,aliquam non mauris morbi non lectus
66,Gayler Dilley,+1 225 207 3046,gdilley1t@wufoo.com,50,11,606309.98,false,Louisiana,2069-11-20,vel nisl duis ac nibh fusce
67,Alejandrina Mayers,+1 718 312 8031,amayers1u@addtoany.com,66,6,173462.4,false,New York,2029-12-11,natoque penatibus et magnis dis parturient
68,Valera Tethcote,+1 661 192 9252,vtethcote1v@mtv.com,26,11,552432.65,true,California,2090-06-21,nullam porttitor lacus at turpis donec
69,Keir Liver,+1 602 726 1602,kliver1w@webnode.com,90,1,387516.0,true,Arizona,2026-11-18,nunc donec quis orci eget orci
70,Bianca Lingner,+1 916 684 8021,blingner1x@intel.com,90,12,9498.09,true,California,2090-05-23,fusce congue diam id ornare imperdiet
71,Gearalt Halfpenny,+1 704 744 4693,ghalfpenny1y@furl.net,57,8,345752.2,false,North Carolina,2099-05-05,libero nullam sit amet turpis elementum
72,Bryna Avrahamof,+1 323 234 5683,bavrahamof1z@apache.org,77,16,216097.7,false,California,2049-12-26,interdum in ante vestibulum ante ipsum
73,Fidelity Cadlock,+1 813 617 5492,fcadlock20@cocolog-nifty.com,71,17,363208.82,false,Florida,2035-01-07,vel augue vestibulum rutrum rutrum neque
74,George Leynton,+1 321 104 3746,gleynton21@blogtalkradio.com,55,9,308971.51,false,Florida,2082-05-22,turpis eget elit sodales scelerisque mauris
75,Tynan Worsfield,+1 559 826 1473,tworsfield22@dell.com,67,7,995987.95,false,California,2059-05-11,aliquet at feugiat non pretium quis
76,Jefferey Durn,+1 216 864 4977,jdurn23@bbb.org,38,20,868705.78,true,Ohio,2092-07-30,leo pellentesque ultrices mattis odio donec
77,Candra Dunklee,+1 717 515 4545,cdunklee24@virginia.edu,64,9,542952.39,true,Pennsylvania,2091-05-31,faucibus cursus urna ut tellus nulla
78,Perl Brundle,+1 202 311 5669,pbrundle25@addthis.com,73,4,506451.94,true,District of Columbia,2066-04-20,vulputate luctus cum sociis natoque penatibus
79,Jason Roocroft,+1 915 947 6842,jroocroft26@edublogs.org,22,19,310331.1,false,Texas,2050-10-07,mi in porttitor pede justo eu
80,Gordy Leal,+1 404 194 7147,gleal27@feedburner.com,99,8,100866.49,true,Georgia,2051-03-12,amet nulla quisque arcu libero rutrum
81,Lib Blanking,+1 804 167 5872,lblanking28@spotify.com,92,17,886808.39,true,Virginia,2026-06-09,lacinia sapien quis libero nullam sit
82,Sheila-kathryn Zywicki,+1 812 682 1879,szywicki29@dropbox.com,80,5,510052.15,false,Indiana,2026-04-27,ultrices posuere cubilia curae duis faucibus
83,Emlyn Ventura,+1 512 427 4233,eventura2a@moonfruit.com,43,8,820430.14,true,Texas,2083-07-25,iaculis diam erat fermentum justo nec
84,Thor Cumesky,+1 202 403 1253,tcumesky2b@mysql.com,92,5,427772.63,false,District of Columbia,2041-04-16,rutrum nulla nunc purus phasellus in
85,Duff Spurling,+1 570 563 0252,dspurling2c@princeton.edu,88,20,845350.11,false,Pennsylvania,2081-08-02,praesent id massa id nisl venenatis
86,Angelia Lysaght,+1 202 728 3755,alysaght2d@feedburner.com,75,3,612806.76,false,District of Columbia,2043-09-10,mauris sit amet eros suspendisse accumsan
87,Shelley Mathivet,+1 925 365 8553,smathivet2e@umich.edu,83,19,880143.32,false,California,2044-02-24,fusce congue diam id ornare imperdiet
88,Tori Ricardet,+1 615 450 4135,tricardet2f@xinhuanet.com,45,11,33643.97,false,Tennessee,2023-03-29,sem duis aliquam convallis nunc proin
89,Thelma Madill,+1 478 343 1860,tmadill2g@alibaba.com,59,5,957700.27,false,Georgia,2081-03-10,ut blandit non interdum in ante
90,Towney Juanico,+1 234 367 9976,tjuanico2h@51.la,75,19,517639.69,true,Ohio,2063-12-24,turpis adipiscing lorem vitae mattis nibh
91,Burtie Hughes,+1 801 155 0614,bhughes2i@skyrock.com,58,19,684136.06,false,Utah,2090-10-11,congue etiam justo etiam pretium iaculis
92,Hillary Narey,+1 615 332 8370,hnarey2j@eventbrite.com,60,0,251384.13,false,Tennessee,2088-03-06,ullamcorper purus sit amet nulla quisque
93,Hattie Cormode,+1 540 791 4653,hcormode2k@flickr.com,37,10,751237.97,true,Virginia,2076-07-03,ante ipsum primis in faucibus orci
94,Jolie Buckleigh,+1 626 190 9931,jbuckleigh2l@tripod.com,47,15,781288.25,false,California,2041-03-04,imperdiet sapien urna pretium nisl ut
95,Eugen Yoslowitz,+1 319 963 7411,eyoslowitz2m@mtv.com,89,3,714947.46,true,Iowa,2092-12-13,praesent id massa id nisl venenatis
96,Corrie Normanville,+1 857 957 6056,cnormanville2n@yellowpages.com,63,18,865633.92,true,Massachusetts,2029-03-14,id ligula suspendisse ornare consequat lectus
97,Barnaby Beaze,+1 253 274 2934,bbeaze2o@hostgator.com,29,8,357999.27,false,Washington,2027-09-06,erat eros viverra eget congue eget
98,Clareta Puleston,+1 305 824 0330,cpuleston2p@joomla.org,64,6,669143.33,true,Florida,2062-04-17,pulvinar sed nisl nunc rhoncus dui
99,Cos Budik,+1 618 887 4498,cbudik2q@slate.com,38,15,534871.19,true,Illinois,2083-08-25,lacus purus aliquet at feugiat non
100,Aeriela Tasseler,+1 412 704 4325,atasseler2r@reverbnation.com,94,0,974906.61,true,Pennsylvania,2055-12-01,sapien a libero nam dui proin
